{"Book Loss": [0.11626925806290733, 0.49105445443439116, 0.7735065503138929, 0.8466946390766302, 0.8714714940260528, 0.8374030885314057, 0.8206341827572079, 0.8325261249756691, 0.856063654429247, 0.8158927338004647, 0.8234961585650905, 0.810154741641883, 0.7662033938329367, 0.8218117721412193, 0.755984268204885, 0.7329218668789244, 0.7924864174662188, 0.7126492948155664, 0.6861342657834444, 0.6447372927250539, 0.6324449733243098, 0.6073102026047345, 0.5685291518570519, 0.5700610252121099, 0.5853175429505667, 0.5525842544774163, 0.5455708834658665, 0.5169388549664701, 0.47397335320257994, 0.4808001435181739, 0.44003120179928445, 0.4636843035906248, 0.40334720789155565, 0.3997554400561332, 0.3646072077972721, 0.40989287864719726, 0.34001789651047937, 0.34640147285142414, 0.3507452507845571, 0.33493898601942573, 0.31515003117004103, 0.30335721435208973, 0.27484020897665473, 0.27998260006895254, 0.23512483734539716, 0.25246911941551714, 0.24139864719979628, 0.23385196623825272, 0.21760061972717326, 0.24405142826012666, 0.2340456971632753, 0.2218412196206432, 0.22068079682836184, 0.20031039457542824, 0.2063162097061666, 0.20064726016077566, 0.17459427007973652, 0.18881578838915378, 0.1868593017788301, 0.19087518357418992], "Bettor Loss": [-0.11626925806290733, -0.49105445443439116, -0.7735065503138929, -0.8466946390766302, -0.8714714940260528, -0.8374030885314057, -0.8206341827572079, -0.8325261249756691, -0.856063654429247, -0.8158927338004647, -0.8234961585650905, -0.810154741641883, -0.7662033938329367, -0.8218117721412193, -0.755984268204885, -0.7329218668789244, -0.7924864174662188, -0.7126492948155664, -0.6861342657834444, -0.6447372927250539, -0.6324449733243098, -0.6073102026047345, -0.5685291518570519, -0.5700610252121099, -0.5853175429505667, -0.5525842544774163, -0.5455708834658665, -0.5169388549664701, -0.47397335320257994, -0.4808001435181739, -0.44003120179928445, -0.4636843035906248, -0.40334720789155565, -0.3997554400561332, -0.3646072077972721, -0.40989287864719726, -0.34001789651047937, -0.34640147285142414, -0.3507452507845571, -0.33493898601942573, -0.31515003117004103, -0.30335721435208973, -0.27484020897665473, -0.27998260006895254, -0.23512483734539716, -0.25246911941551714, -0.24139864719979628, -0.23385196623825272, -0.21760061972717326, -0.24405142826012666, -0.2340456971632753, -0.2218412196206432, -0.22068079682836184, -0.20031039457542824, -0.2063162097061666, -0.20064726016077566, -0.17459427007973652, -0.18881578838915378, -0.1868593017788301, -0.19087518357418992], "CEp": [3.820840495496645, 1.6033461692238586, 1.086461202512172, 0.9208988195879053, 0.8111651875984959, 0.7357102106689033, 0.6623650606859967, 0.6213150716812449, 0.5721749437641396, 0.5344713755552961, 0.5070491121383086, 0.4718935491371704, 0.4498178083139559, 0.42967918765148033, 0.41232647726767807, 0.3741567833742625, 0.3602402221587953, 0.3456264102924496, 0.3227109511343526, 0.30804623801275494, 0.2939099443649513, 0.2835421083106274, 0.27170338322827053, 0.25960941771558094, 0.247400435839664, 0.23743444707163547, 0.22890989377942036, 0.21782425873544398, 0.20810543751957017, 0.20032487446907313, 0.191061945543857, 0.18705828872326852, 0.17936971208388308, 0.17404572859110737, 0.16343011589608752, 0.16074511348466639, 0.15471582182667548, 0.15041896943885372, 0.14879126395677214, 0.14170456473046625, 0.13703712764006495, 0.13187980078990724, 0.12829045813158632, 0.12844286274722994, 0.12238857001853241, 0.11982425110397929, 0.11951114602205695, 0.11555688806169126, 0.11179904404326453, 0.10900795466544419, 0.10919194072651917, 0.10336315117194467, 0.1050705051755535, 0.10454650565376088, 0.10117817005063866, 0.09923039235427461, 0.09615250425198606, 0.09792566738746078, 0.09619373498214993, 0.09607591189052933], "CEq": [3.8578817823021727, 1.7211260050725998, 1.1307887940187002, 0.94909032484786, 0.8255630831941294, 0.7523984153696578, 0.6799549785718112, 0.6398848314100588, 0.5896555171199095, 0.551053509669481, 0.5224077657113154, 0.48752447990426334, 0.46692927228465736, 0.44188143209901265, 0.4279146335169997, 0.3843344024426653, 0.3688659167892649, 0.35662527432934726, 0.33108426079573766, 0.31847057995242134, 0.30288638442602106, 0.291662934046625, 0.28275091327946256, 0.2666775144722489, 0.2521634715419649, 0.2428873461669981, 0.23419336605430718, 0.22297685003091752, 0.21531107627504079, 0.2057891193724854, 0.19670127054840975, 0.19059592993183494, 0.1848080682087685, 0.17811101820038466, 0.16821172894497383, 0.1636786757945709, 0.1603251342159647, 0.15382356479377624, 0.15195816435473142, 0.14418024024788992, 0.1404198752418065, 0.13450361393921545, 0.13148543474034297, 0.1309845726078474, 0.12647369076711307, 0.1238310798315782, 0.12295685458103155, 0.11914921725030497, 0.1151698477012934, 0.11092935564776313, 0.1131999492681038, 0.10646578475472812, 0.10721247759140866, 0.10875879509896803, 0.10304647396532067, 0.10105425100380057, 0.0994157346976723, 0.10069304551135047, 0.09883655753659225, 0.09820540207730327]}