{"Book Loss": [0.04036174110696197, 0.4588735791617258, 0.8711157245287211, 0.8499975632423017, 0.8198389614981131, 0.8091624753642708, 0.7393950551900913, 0.7233900716826415, 0.74242079729231, 0.7136862775771169, 0.7140116620350929, 0.7034709993034373, 0.6769676090775012, 0.6393750759077744, 0.612980208139051, 0.6096266367533525, 0.6212747519151349, 0.5935296121121368, 0.5040481441777089, 0.5423338511212229, 0.5326293587014461, 0.5113943617471354, 0.5148969479072147, 0.4949181054011655, 0.4821787267331888, 0.5244401576529315, 0.404957309926928, 0.3938536563943046, 0.39414701671142816, 0.3489275662474115, 0.35209026908807256, 0.3580954788913342, 0.3719132189440962, 0.32439413651461485, 0.3336792282197295, 0.3145940725956346, 0.31188614098009354, 0.2604323618147384, 0.29334600430182284, 0.2865870733305373, 0.2785819987611423, 0.2597926953549899, 0.2508800770913307, 0.256786885466212, 0.2154481206530474, 0.2504532575874414, 0.21312104164182702, 0.2072007042658724, 0.22849834716292133, 0.20031287949997337, 0.20866047232572785, 0.19075248670667677, 0.17988588524357477, 0.17835094287834116, 0.17873383548573404, 0.18151307714865728, 0.18754827992355025, 0.17600469673338623, 0.15822647356341155, 0.1747170020492268], "Bettor Loss": [-0.04036174110696197, -0.4588735791617258, -0.8711157245287211, -0.8499975632423017, -0.8198389614981131, -0.8091624753642708, -0.7393950551900913, -0.7233900716826415, -0.74242079729231, -0.7136862775771169, -0.7140116620350929, -0.7034709993034373, -0.6769676090775012, -0.6393750759077744, -0.612980208139051, -0.6096266367533525, -0.6212747519151349, -0.5935296121121368, -0.5040481441777089, -0.5423338511212229, -0.5326293587014461, -0.5113943617471354, -0.5148969479072147, -0.4949181054011655, -0.4821787267331888, -0.5244401576529315, -0.404957309926928, -0.3938536563943046, -0.39414701671142816, -0.3489275662474115, -0.35209026908807256, -0.3580954788913342, -0.3719132189440962, -0.32439413651461485, -0.3336792282197295, -0.3145940725956346, -0.31188614098009354, -0.2604323618147384, -0.29334600430182284, -0.2865870733305373, -0.2785819987611423, -0.2597926953549899, -0.2508800770913307, -0.256786885466212, -0.2154481206530474, -0.2504532575874414, -0.21312104164182702, -0.2072007042658724, -0.22849834716292133, -0.20031287949997337, -0.20866047232572785, -0.19075248670667677, -0.17988588524357477, -0.17835094287834116, -0.17873383548573404, -0.18151307714865728, -0.18754827992355025, -0.17600469673338623, -0.15822647356341155, -0.1747170020492268], "CEp": [3.801805934283248, 1.586006808830437, 1.077833465287383, 0.9096355322228504, 0.7976576405817049, 0.7251657950435497, 0.658715712486095, 0.6032590747986194, 0.5588954276525715, 0.5253175596078136, 0.49353174571420105, 0.4672694488615752, 0.439843284230913, 0.4082117021255548, 0.38593694301520054, 0.36750302565845727, 0.3511720846255671, 0.3343156395472882, 0.31409768301340135, 0.3026793182668933, 0.28473013360888033, 0.2784115290853568, 0.26265399088360436, 0.25222716602602935, 0.24393362727221315, 0.23141201402844144, 0.21567245438175034, 0.21194774860924018, 0.20264771343155188, 0.1932442197301896, 0.18703408956661266, 0.18072688891510652, 0.17564694505666648, 0.16759433538656535, 0.16347615707012206, 0.1579336530067475, 0.14833878416439253, 0.14636715398517064, 0.14213589209796104, 0.13684715575892742, 0.13416917175626938, 0.13151512655969733, 0.12537833305598067, 0.12386163600175504, 0.11834081453742237, 0.1186752299218893, 0.11782232381727799, 0.1101751846169502, 0.11284829330214427, 0.11146360625263671, 0.10846022806141081, 0.10627111608804074, 0.09907687034352984, 0.09885165739742498, 0.0996260554953055, 0.09752246572083952, 0.09719379347475977, 0.09662492222316019, 0.09437700857202047, 0.09296383014695288], "CEq": [3.8583278204201124, 1.7053028437453257, 1.0839943880460936, 0.9139238652819708, 0.8008583496383149, 0.7289893165059035, 0.6632696757243324, 0.6064604424636587, 0.5613378590299591, 0.529163974023659, 0.4963703193104374, 0.46860505003248376, 0.4416514022058775, 0.4117391253422073, 0.38745727212610687, 0.3700055529133306, 0.35143261280735993, 0.33446595378496735, 0.318289588993742, 0.30403096920950157, 0.28508110501816575, 0.27891596436271593, 0.26268281393163334, 0.2529414852821148, 0.24268630535726968, 0.22772773657180131, 0.2169535317829072, 0.21237047609041962, 0.20288385247046106, 0.19497069215375773, 0.18749167273839443, 0.18110745845460327, 0.17541615861717244, 0.16741432921624672, 0.1626112546662057, 0.15778950406965847, 0.14642392290176565, 0.14850988268623277, 0.14121806586015773, 0.13672439033635408, 0.1331768133289988, 0.1317723087689788, 0.12585026935391633, 0.12325752460100854, 0.11977147220701895, 0.1184675582778782, 0.11912200289269224, 0.11104225042477613, 0.1125182487886213, 0.11291975872030675, 0.10835962833075875, 0.10771033386419623, 0.09902880790735215, 0.09947205410027703, 0.10045306050551342, 0.0982411303277224, 0.09780918841790431, 0.09705569215653113, 0.09482541634783473, 0.09256935424425385]}